id,host,target,tradition,source,x_s,candidate_sim,control_mean,control_std,control_max,control_min,pull_index,n_controls
AFR_001,Meskel,to hang with a rope (execution / political killing),Qene (Sem-ena-Werq),shogun,0.0,0.13566078603228934,0.05491278801096934,0.030195867254326776,0.09611812141019395,-0.01708408308277358,0.08074799802132,10
AFR_002,Hodam (glutton / fat stomach),corrupt ruling elites enriching themselves while the population starves,Qene (Sem-ena-Werq),shogun,0.0,0.15425035880990656,0.07838203215030223,0.016416619883092922,0.11295373490897907,0.05926795328567415,0.07586832665960433,10
AFR_003,fikir,deep insult or contempt for the recipient,Qene (Sem-ena-Werq),shogun,0.0,0.13625631990165465,0.0846113299338,0.030195287385774927,0.1253714648783099,0.05507232637468705,0.05164498996785466,10
AFR_004,Ojo,"birth with umbilical cord wrapped around the neck — a dangerous, potentially fatal event",Oríkì — birth-circumstance names (àmútọ̀runwá),shogun,0.0,0.09863652046666839,0.07717944612760244,0.014364296032970115,0.10589704380577969,0.06077931482655962,0.02145707433906595,10
AFR_005,Aje,"àjẹ̀ (àh-JEH, falling tone): witch / dangerous female spiritual power (Iyami)",Oríkì — tonal homophone (Yoruba tonal language),shogun,0.2,0.4964883900691837,0.33440791083450494,0.03880904218161846,0.41981984140568374,0.2755889108458635,0.16208047923467878,10
AFR_006,Ina ninu enu,Sango's divine anger; the danger of speaking his true name; the power to destroy with words,Oríkì — orisha praise poetry,shogun,0.1,0.19423525272557346,0.1758651336059513,0.014983956583939409,0.19488735956415582,0.15015173487110772,0.018370119119622164,10
AFR_007,Ose Sango,"dual divine nature: justice on one side, punishment/destruction on the other; also the god's capacity for both male and female force",Oríkì — divine object symbolism,shogun,0.5,0.2504279737339595,0.1320441039091324,0.054312637366759,0.24943377760155347,0.08061948160554372,0.11838386982482707,10
AFR_008,oriki idale,"implicit threat: the actions and failures being enumerated in the praise can shame the king into withdrawal, submission, or historically reported death",Oríkì — royal/political praise poetry,shogun,0.05,0.1290919391032634,0.12596531797128335,0.016212957425950216,0.15193504249561546,0.10635913997588275,0.003126621131980034,10
AFR_009,inkunzi,"the king / great warrior: virility, territorial conquest, reproductive/military dominance",Izibongo — Zulu praise poetry (royal),shogun,0.0,0.26421962804182164,0.1315040135645733,0.023713391155268562,0.19416783271748023,0.1046824912813433,0.13271561447724833,10
AFR_010,inkunzi engenazimpondo,"defeated enemies: militarily castrated, sexually humiliated, stripped of power",Izibongo — Zulu praise poetry (royal),shogun,0.45,0.16279896684661777,0.18110184177947053,0.00927467448156675,0.19411172402290583,0.1660140997382313,-0.018302874932852764,10
AFR_011,Ndlovu,the king / paramount chief; hidden royal presence; overwhelming power not yet revealed,Izibongo — Zulu/Nguni royal praise poetry,shogun,0.2,0.24370721879917767,0.2322968633617024,0.02386855017557582,0.2850706104296461,0.20401660207293035,0.011410355437475261,10
AFR_012,Izibongo zenkosi,vitriolic critique of British colonial rule and the ongoing oppression of Black South Africans,Izibongo — Xhosa praise poetry (imbongi tradition),shogun,0.05,0.3046883590120834,0.2768654092033558,0.021897343756435293,0.29855411085269384,0.22115621578033098,0.027822949808727626,10
AFR_013,"Se wo were fi na wosankofa a, yenkyi",(1) philosophical mandate to retrieve ancestral knowledge; (2) coded permission to reclaim pre-colonial traditions after colonial disruption; (3) critique of 'forgetting' (assimilation),Ɛbɛ — Akan proverb (Twi/Asante),shogun,0.7,0.22295350622262203,0.0926645308428954,0.01157192072804276,0.109870494426305,0.07512895481886234,0.1302889753797266,10
AFR_014,Owuo atwedee baako foo mforo,social leveling critique: even kings and the powerful cannot escape death; implicit challenge to hierarchical authority,Ɛbɛ — Akan proverb,shogun,0.5,0.10174001576348503,0.11274036526166793,0.01451700179229639,0.13547424173692663,0.08633371803113689,-0.011000349498182904,10
AFR_015,Wokoo fie (He/she went home) / Wosan koo n'asase so (returned to the earth),death — the taboo event of dying,Akan death euphemisms (Twi indirect speech),shogun,0.0,0.21742875478528928,0.11992104627735393,0.020199037129361865,0.14998081823766002,0.08379046099842849,0.09750770850793535,10
SEA_001,selasih,kekasih (beloved/sweetheart),Malay pantun,shogun,0.3,0.42628676052239484,0.3514438951317705,0.05920237952161918,0.46389428590983883,0.22045164986264693,0.07484286539062435,10
SEA_002,bunga dan kumbang,maiden and her suitor; courtship relationship,Malay pantun,shogun,0.35,0.1315989045296554,0.15917789846000957,0.020567609691840447,0.19199933472918368,0.1258479362142987,-0.02757899393035418,10
SEA_003,tupai,seducer; unfaithful/fickle person,Malay pantun,shogun,0.3,0.2189602098889755,0.1431828971222496,0.020537810602020423,0.18902163720532805,0.11608081572902104,0.07577731276672589,10
SEA_004,bunga kiambang,love that will not take root; fleeting/unstable love,Malay pantun,shogun,0.35,0.2691124529244785,0.20097112205845358,0.020992577658430066,0.24235180994197,0.17903270009233527,0.06814133086602492,10
SEA_005,kain,sexual/emotional longing for a partner; intimate physical need,Malay pantun,shogun,0.2,0.184339562251869,0.1197078947830802,0.019621790113551703,0.15302446198574454,0.08183602093672286,0.06463166746878882,10
SEA_006,quả mít trên cành,female body; sexual invitation,Vietnamese Nôm poetry (Ho Xuan Huong),shogun,0.0,0.10206006340628837,0.09253005278084006,0.016304069638918988,0.12409505950349563,0.07377350805204147,0.00953001062544831,10
SEA_007,Đèo Ba Dội,female genitalia; erotic landscape,Vietnamese Nôm poetry (Ho Xuan Huong),shogun,0.15,0.14583913023492173,0.14118885484383636,0.026205995824226253,0.1959355251239014,0.10756100570564735,0.004650275391085368,9
SEA_008,miếng trầu; trầu cau,conjugal love; marriage proposal; romantic/sexual union,Vietnamese ca dao / folk culture,shogun,0.35,0.20467044232763643,0.13315673426445637,0.028125095351620638,0.17317117447864214,0.09641305377777389,0.07151370806318005,10
SEA_009,sasmita / sasmitaning tembang,identity of the next melody/meter the performer must switch to,Javanese tembang macapat,shogun,0.3,0.2934143365964084,0.15497539469703936,0.025878841908313344,0.1924897825135519,0.10874298362971294,0.13843894189936906,10
SEA_010,Maskumambang,human fetus floating in amniotic fluid; the beginning of human life,Javanese tembang macapat,shogun,0.35,0.16281168512118543,0.08826750433292478,0.020529925009147052,0.11749710276420725,0.05929522962289122,0.07454418078826065,10
SEA_011,khan hu (หูคัน),sexual desire/craving,Thai luk thung (country music / เพลงลูกทุ่ง),shogun,0.15,0.07751763226596066,0.07596571704612973,0.03498911037974628,0.115671710176534,0.02106611979254364,0.0015519152198309322,10
SEA_012,[technique-level item — specific word examples require Thai-language access],sexual body parts or sexual acts,Thai luk thung (country music / เพลงลูกทุ่ง),shogun,0.25,0.2719491718442594,0.08030727068302217,0.027212958370327518,0.13777176292226234,0.026339248627662605,0.1916419011612372,10
SEA_013,anak kambing,"frisky, playful, mischievous beloved",Malay pantun / folk song,shogun,0.35,0.2608826984795925,0.2390990956244056,0.025432675948234187,0.2722887503198307,0.1837780767703072,0.021783602855186907,10
SEA_014,con cò,poor farmer/working woman; social critique of exploitation and hardship,Vietnamese ca dao (folk poetry),shogun,0.15,0.1313091680464472,0.14960263811806465,0.03214846817659473,0.2340854738442713,0.11249815392038015,-0.01829347007161744,10
SEA_015,phleng choi,sexual desire; courtship invitation; erotic escalation,Thai phleng choi (folk song / เพลงฉ่อย),shogun,0.35,0.14513216465522927,0.11389752990068733,0.018576243522033874,0.13923742664297584,0.07884240375734414,0.03123463475454194,10
NAH_001,"in xochitl, in cuicatl",Poetry; the highest form of human truth; the medium through which one can approach divine reality (teotl),Nahuatl Difrasismo,shogun,0.0,0.4584053413589841,0.42009550989584205,0.032194806126096334,0.45611490204680916,0.3510995316589471,0.03830983146314204,10
NAH_002,"in cuitlapilli, in ahtlapalli","The common people; the macehualtin (commoners, subjects)",Nahuatl Difrasismo,shogun,0.0,0.3270960042894255,0.31498427950699237,0.021752671740336547,0.33584016088640267,0.2629905648271227,0.012111724782433109,9
NAH_003,"in teoatl, in tlachinolli",War; armed conflict; totality of military devastation,Nahuatl Difrasismo,shogun,0.0,0.17221671135205738,0.1255559820363056,0.024662923874239306,0.16644806861852252,0.06964346757566672,0.04666072931575177,10
NAH_004,"in tlilli, in tlapalli",Books; writing; codices; wisdom; scribal and intellectual authority,Nahuatl Difrasismo,shogun,0.0,0.20851047549957052,0.2588766693105294,0.015127498032670602,0.2840945880103092,0.23716844502574005,-0.05036619381095886,10
NAH_005,"in ixtli, in yollotl",The complete human being; personhood; moral character and identity,Nahuatl Difrasismo,shogun,0.0,0.21641995950498882,0.20309756555996678,0.00841436701965644,0.22047225629827727,0.1925279482615269,0.013322393945022049,10
NAH_006,"in atl, in tepetl (contracted: altepetl)",City; settlement; political community; sovereign territory; city-state,Nahuatl Difrasismo,shogun,0.0,0.3009382675107583,0.11832867377032748,0.02578387410200717,0.1581889487336067,0.08742850041369735,0.18260959374043084,10
NAH_007,"in cuauhtli, in ocelotl",The warrior class; military valor; martial prowess; the elite military orders,Nahuatl Difrasismo,shogun,0.0,0.14207130051669323,0.1263715756831479,0.026944714847147624,0.17922189631976984,0.09550991388036613,0.015699724833545314,10
NAH_008,"in toptli, in petlacalli",A secret; concealed matter; something hidden; confidential information,Nahuatl Difrasismo,shogun,0.0,0.13541691887068866,0.12534229828276783,0.02222968685699873,0.153533315770416,0.07395429570165987,0.01007462058792083,10
QCH_001,unu/yaku (water) + wiqi/para (tears/rain),Human tears equated with cosmic rain; personal grief situated within the cycle of the natural world,Quechua Semantic Parallelism,shogun,0.0,0.41891448244385804,0.1091300462506147,0.030532870293668687,0.1768740917415304,0.05381570190997875,0.30978443619324336,10
QCH_002,Supay,"Original: spirit/shade of the dead (ambivalent, indigenous); imposed overlay: Christian devil (Spanish missionary reuse)",Quechua Ritual Vocabulary (colonial semantic layering),shogun,0.0,0.34394638048885506,0.2076514731618097,0.05525750911279364,0.29933592274487625,0.13495386371756496,0.13629490732704536,10
QCH_003,ukhu pacha / hanaq pacha,Pre-colonial: death-and-rebirth duality / upper world of life; Colonial overlay: hell / heaven,Quechua Cosmological Terminology,shogun,0.0,0.3883499676245028,0.2273531348474978,0.04079077563950127,0.304120136551578,0.17341244851962073,0.160996832777005,10
QCH_004,watuchikuna / watuchis,Sexual/bodily meaning expressed through innocent natural-object descriptions,Quechua Riddle Tradition (Watuchikuna),shogun,0.0,0.1350748647110358,0.10951637643441532,0.015102592258025953,0.140593854658113,0.08747170750963164,0.02555848827662048,10
QCH_005,k'intu,Covert prayer/intention addressed to mountain spirits (Apus) and Pachamama; also encodes three-world cosmological structure,Quechua Shamanic Ritual (K'intu),shogun,0.0,0.345890525487541,0.43372337336426536,0.02839006353697998,0.47078744953415125,0.3651090013774728,-0.08783284787672435,10
QCH_006,(speech act genre),"Dual-audience communication: ostensibly addressed to place/mountain, covertly addressed to spirit world AND functioning as public performance for human witnesses",Southern Quechua Ritual Pragmatics,shogun,0.0,0.4013324907934867,0.1783213532610763,0.026546582807838157,0.2220754749024227,0.14513111046574736,0.22301113753241042,10
MAYA_001,ch'ab ak'ab,Royal bloodletting rite; elite rank and political authority; ancestral bond through shared sacrifice,Classic Maya / Colonial Yucatec Diphrasis,shogun,0.0,0.24713078468997274,0.18905957958388422,0.04637585838804054,0.24991776436371235,0.12161018621539338,0.058071205106088514,10
MAYA_002,che' tunich,War; armed conflict; social upheaval; political struggle,Colonial Yucatec Maya Diphrasis (Chilam Balam),shogun,0.0,0.10724209696579734,0.11636012041760227,0.031592250243215846,0.1628493222802969,0.07121721816812439,-0.00911802345180493,10
MAYA_003,ch'en / actun,Sacred portal to the underworld (Xibalba); liminal cosmological threshold,Colonial Yucatec Maya Diphrasis (Chilam Balam),shogun,0.0,0.30193827408779306,0.24678122700312372,0.06402031614900448,0.37671746820962154,0.18249172211784165,0.05515704708466934,10
MAYA_004,Suyua T'an / Zuyua T'an (twisted/deceptive speech),A fried egg with a green chili pepper on top (mundane food item),Yucatec Maya Ritual Speech (Zuyua T'an),shogun,0.0,0.14467596488135676,0.15230885406768122,0.03334699337506446,0.19436383075930636,0.06799476699184828,-0.00763288918632446,10
MAYA_006,pan kab / tal kab,Birth of a royal person; the moment of entering the world (poetic substitute for standard birth verb siy-),Classic Maya Hieroglyphic Poetic Substitution,shogun,0.0,0.1250401616034793,0.14967287240444924,0.03071912036156258,0.1891129426680155,0.09253867499334746,-0.02463271080096993,10
NEU_001,hron-rád / hwæl-weg,the sea / ocean,Old Norse kenning (skaldic poetry),shogun,0.0,0.40275951820670547,0.19336118262801213,0.033556281673530204,0.23295151418040713,0.1301625460735639,0.20939833557869333,10
NEU_002,hrafn-vín,blood,Old Norse kenning (skaldic poetry),shogun,0.0,0.25497829568623953,0.2458672080215422,0.015673495404702018,0.26394542963899176,0.2243442447716496,0.009111087664697343,10
NEU_003,val-bjórr / hræ-lœkr,blood,Old Norse kenning (skaldic poetry),shogun,0.0,0.2824682077457193,0.23399171281779743,0.02468685537635694,0.28162789752495787,0.20368627640718573,0.04847649492792186,10
NEU_004,Kvasirs blóð / skáldskap-ar mjǫðr,poetry / poetic inspiration,Old Norse kenning (skaldic poetry),shogun,0.0,0.31285523369032886,0.1460982909198992,0.02403387698669677,0.1733757733518586,0.10294351404224128,0.16675694277042966,10
NEU_005,grennir gunn-más,warrior / king,Old Norse kenning (skaldic poetry),shogun,0.0,0.20902933281535,0.25067785358980116,0.06710595062591317,0.37455116299354607,0.14882598150753507,-0.041648520774451164,10
NEU_006,valr (falcon) → horse (via mythological confusion),horse (via mythological name overlap),Old Norse kenning (skaldic poetry),shogun,0.0,0.6187099392584144,0.19673610015903215,0.042769029104188415,0.28593512307879393,0.14189614513058418,0.4219738390993823,10
NEU_007,Riddle 25 (Old English): 'Ic eom wunderlicu wiht... wifum on hyhte' (I am a wondrous creature... a joy to women),sexual (phallus) — overt solution: onion (ċiep / lēac),Anglo-Saxon riddles (Exeter Book),shogun,0.0,0.3164970591291401,0.23584542400314573,0.024488129299402243,0.2795093556443221,0.20457083288371183,0.08065163512599438,10
NEU_008,Riddle 44: 'Wiht is wrætlic... wæpned guma' (A wondrous thing hangs by a man's thigh),sexual (male genitalia / sexual act) — overt solution: key and lock,Anglo-Saxon riddles (Exeter Book),shogun,0.0,0.3756703056675582,0.16988768742188495,0.02890773248812621,0.2193265571840699,0.11319651255890845,0.20578261824567326,10
NEU_009,Riddle 45: 'Ic on wincle gefrægn... under hrægle hreran' (I heard of a young man... lifting her dress),sexual encounter (woman initiated) — overt solution: dough (hlāf-weard / 'bread-warden'),Anglo-Saxon riddles (Exeter Book),shogun,0.0,0.42447267329062666,0.23288991616432528,0.06663367062485369,0.3293455364845691,0.1014190786945423,0.19158275712630138,10
NEU_010,Riddle 37: 'Ic þa wiht geseah... wræstlice gewundenne' (I saw a creature wondrously wrought),sexual / phallic (bellows described in sexual terms) — overt solution: bellows (blæst-bealg),Anglo-Saxon riddles (Exeter Book),shogun,0.0,0.291263480995542,0.22380711741494758,0.0299267678472939,0.2626191549620415,0.16162471009154322,0.06745636358059443,10
NEU_011,bān-hūs (bone-house),human body,Anglo-Saxon kenning (Beowulf),shogun,0.0,0.35034994464353403,0.17505955321993602,0.03776691155075454,0.24589012588708845,0.12873706937148857,0.175290391423598,10
NEU_012,beadu-swāt (battle-sweat) / gūð-swāt (war-sweat),blood,Anglo-Saxon kenning (Beowulf),shogun,0.0,0.3200631732150378,0.23285033135627486,0.032724615602595396,0.2857483264828046,0.16405165768124136,0.08721284185876294,10
NEU_013,kaivo-arvoitus,sexual (copulation / male genitalia in oral contact),Finnish arvoitus (folk riddles),shogun,0.0,0.025728427897568434,0.05367915463121699,0.03306525670801108,0.13159563140330638,0.01047629287511059,-0.027950726733648554,10
NEU_014,kirnuamis-arvoitus,sexual act (rhythmic penetration),Finnish arvoitus (folk riddles),shogun,0.0,0.13360421528427652,0.15136181037007052,0.0074479712782174355,0.15958448497992575,0.13450937099969978,-0.017757595085793998,10
NEU_015,Sampo,world-axis / cosmic mill / shamanic drum (multiple competing interpretations),Finnish Kalevala-meter poetry,shogun,0.0,0.23197721845650407,0.10859499985876697,0.033982507669342875,0.15425756529285095,0.06445531151610229,0.1233822185977371,10
NEU_016,tulen synty,shamanic initiation / descent into the underworld,Finnish Kalevala-meter poetry,shogun,0.0,0.1648932004975111,0.16454927391469312,0.037049911379191676,0.24910685571571653,0.12996791284843429,0.0003439265828179827,10
NEU_017,dúnad (closing),semantic equivalence between opening and closing subjects / circular time,Celtic dúnad (Irish ring composition),shogun,0.0,0.3215514184568173,0.14536127782627087,0.021580057516226547,0.1945921803981755,0.12200778184365935,0.17619014063054642,10
NEU_018,messe ocus Pangur Bán (I and Pangur Bán),equivalence of scholar's intellectual pursuit and cat's physical hunting; monastic life = hunter's life,Celtic dúnad (Irish ring composition — case study),shogun,0.0,0.3430611959306145,0.2755317385186066,0.029388208666857724,0.3282762870986088,0.22887982811846097,0.06752945741200794,10
MET_001,ʿayn,spring/fountain of water (far meaning); eye is the near/obvious meaning,tawriya,shogun,0.0,0.43256686570581404,0.21144844183023276,0.038091414325823456,0.27959968688846615,0.15631989896263682,0.22111842387558128,10
MET_002,al-jufūn,sheaths/scabbards of swords (far meaning); eyelids is the near/obvious meaning,tawriya,shogun,0.0,0.17664482040314625,0.22097754571656547,0.06241790527387681,0.2865368599502844,0.09828232032863299,-0.044332725313419225,10
MET_003,karākī,your sleepiness / heavy-eyed state (far meaning); crane birds is the near/obvious meaning,tawriya,shogun,0.0,0.19537483810369913,0.1118189067240662,0.04436679060779225,0.18059154733780955,0.028182938647699118,0.08355593137963292,10
MET_004,badr,a person named Badr (far/intended meaning); full moon is the near/obvious meaning,tawriya,shogun,0.0,0.5808190620829917,0.24919261260948972,0.07413662669535814,0.34593054256124167,0.10832139861345044,0.331626449473502,10
MET_005,Abū Zayd's rhetorical persona in al-Ḥarīrī's Maqāmāt (12th c.),hidden intent of the trickster-protagonist concealed beneath grammatically true surface statements,tawriya,shogun,0.0,0.30640455719052834,0.07479238548467143,0.056439388414861076,0.16819184871941809,-0.004875344817391292,0.2316121717058569,10
MET_006,ṭawīl al-nijād,a tall man,kinaya,shogun,0.0,0.16550666997296448,0.2610699666765728,0.04049166104914208,0.35960533567119474,0.20389374564617174,-0.0955632967036083,10
MET_007,yad bayḍāʾ,generosity; a generous/beneficent person,kinaya,shogun,0.0,0.17034179288551105,0.14631758195383185,0.020839193900269278,0.1894334291652308,0.1151454504574148,0.024024210931679196,10
MET_008,kathīr al-ramād,very hospitable; generous host who feeds many guests,kinaya,shogun,0.0,0.19742582142909768,0.12662841640489378,0.04648119329695188,0.23383719201221398,0.04889597314688036,0.0707974050242039,10
MET_009,naʾūm al-ḍuḥā,a woman of leisure and ease; a woman from a wealthy household,kinaya,shogun,0.0,0.16502142929017358,0.11525794492626065,0.03552470774585949,0.19191259451534592,0.07746929138400908,0.049763484363912924,10
MET_010,yad Allāh,"God's power, agency, and beneficence (not a literal hand)",kinaya,shogun,0.0,0.3431242473899165,0.36317038594893064,0.06684186798917258,0.47382599050622876,0.27097072109283427,-0.02004613855901416,10
MET_011,wajh Allāh,"God's omnipresence; wherever one turns, God is present (Quran 2:115)",kinaya,shogun,0.0,0.4881136307982024,0.3321520704612203,0.049030920011047446,0.39121679980038127,0.243490579291967,0.1559615603369821,10
MET_012,Fuzūlī,man of learning and arts — fuzūl as plural of fazl (فَضْل = excellence/learning) (far/hidden meaning); impertinent / unnecessary / meddlesome (near/surface meaning),tevriye,shogun,0.0,0.5033036757273555,0.255591226613554,0.061027007793042154,0.33784736062192366,0.15229918866209474,0.24771244911380147,10
MET_013,gülüverdi,she gave a rose (gül+verdi) (far meaning); she laughed / burst out laughing (güldü compound) (near/surface meaning),tevriye,shogun,0.0,0.5036296327077219,0.37209825708309874,0.07004343957709848,0.5197469651406879,0.3008119065779353,0.13153137562462314,10
MET_015,kande,in blood / kanda (far meaning); where / nerede (near/obvious meaning),tevriye,shogun,0.0,0.31028014475007665,0.2660462735989265,0.045317169048625025,0.3157228708865436,0.1720438580838448,0.04423387115115013,10
MET_016,bahâr,leaf / blossom / flower (botanical far meaning); the spring season (near/obvious meaning),tevriye,shogun,0.0,0.40269287035179685,0.1990555858507864,0.023244219910489715,0.22768898415991268,0.14156561333583514,0.20363728450101046,10
EEU_001,"Krasnaya golovka, pod ney — borodka, utrom rano vstayot, Mashe spat' ne dayot",Erotic: red-headed figure with beard who rises early and prevents Masha from sleeping (sexual encounter),Russian zagadka (загадка),shogun,0.0,0.516432923583516,0.30132971904327993,0.06876105996321127,0.4397827952082012,0.21202870403941393,0.21510320454023607,10
EEU_002,Volosataya golovka za shcheku zakhodit lovko,Erotic: hairy head slipping behind the cheek (oral sexual act),Russian zagadka (загадка),shogun,0.0,0.3338376791103679,0.31537960265136183,0.023579112448267672,0.3560108285854054,0.27777804598670053,0.018458076459006045,10
EEU_003,"Sherstka s sherstkoy slipayutsya, / Nochnoy sladosti dozhidayutsya",Erotic: two furry surfaces pressing together at night awaiting nocturnal pleasure (sexual encounter),Russian zagadka (загадка),shogun,0.0,0.3667723131308866,0.2463538550014627,0.056973322710747655,0.3179741779593979,0.14607099931289974,0.1204184581294239,10
EEU_004,"Krasna devitsa sidit v temnitse, a kosa na ulitse",Erotic/erotic-adjacent: a beautiful constrained maiden with her braid (hair/weapon) outside — suggesting captive female figure,Russian zagadka (загадка),shogun,0.2,0.3301295697439072,0.26530427249456234,0.09895074042300958,0.3402752291967622,0.10657737633701331,0.06482529724934488,10
EEU_005,"Bez ruk, bez nog na babu skok!",Erotic: limbless entity leaping onto a woman (sexual mounting),Russian zagadka (загадка),shogun,0.0,0.31990518379683,0.3058330576674019,0.03677627942518843,0.3607357887242346,0.24416705653560916,0.014072126129428097,10
EEU_006,mat' syra zemlya,"Cosmological deity: Mati-Syra-Zemlya, ancient Slavic earth goddess (fertility, death, oath-witness); simultaneously a geophysical description, a divine invocation, and a juridical oath",Russian bylina constant epithet (постоянный эпитет),shogun,0.2,0.47492835595130367,0.41814217129631504,0.09712533309934239,0.57030333598239,0.3022973986202042,0.056786184654988636,10
EEU_007,sedel'tse cherkasskoe,"Heroic prestige marker: the elite status of the bylina hero, encoded via the reputation of Circassian (Adygian) craft tradition; not a mere geographic indicator",Russian bylina constant epithet (постоянный эпитет),shogun,0.15,0.23859208786903963,0.17773146527577616,0.03718191399672347,0.2711011864101927,0.13787063791619697,0.06086062259326347,10
EEU_008,dobryy molodets,"Heroic archetype category marker: not moral goodness but a specific liminal status (unmarried, combat-capable, ritually eligible); encodes an entire cosmological schema",Russian bylina constant epithet (постоянный эпитет),shogun,0.3,0.10128111052846374,0.17437945467636368,0.01911016460991214,0.21499319988576168,0.14508562751821233,-0.07309834414789994,10
EEU_009,belye ruki,"Nobility/idealized status marker: whiteness encodes social class (non-manual labor, aristocratic purity) regardless of actual complexion of the person described; applied even to enemies or dark-skinned characters",Russian bylina constant epithet (постоянный эпитет),shogun,0.35,0.2936762374741368,0.17526430510110105,0.05343663829977113,0.25875219942296057,0.08461962723592989,0.11841193237303574,10
EEU_010,Napoić konia u studni / Napoit' konya u kolodtsa,Sexual intercourse: a man requests permission to water his horse at a woman's well; the well = female sexuality; horse = male sexuality/virility; watering = the sex act,Polish erotic folk lyric (pieśń ludowa) / Pan-Slavic tradition,shogun,0.0,0.4219975678920744,0.39513241046295955,0.024152221044978092,0.428156724876021,0.3515397066922982,0.026865157429114828,10
EEU_011,oranie pola / zaorać,"Sexual intercourse (penetration): agricultural plowing systematically maps onto the sex act; the woman is the field, the man is the plowman",Polish erotic folk lyric (pieśń ludowa),shogun,0.0,0.34572902039800096,0.22833010868957002,0.08893695056372049,0.3754922781784191,0.10468658989453397,0.11739891170843095,10
EEU_012,groch (Polish) / hrách (Czech),"Fertility, pregnancy (especially extramarital): pea = seed/offspring; eating peas = extramarital sex (Polish); throwing peas at bride = predicting number of children (Czech); pea straw wreath = lost virginity (Polish wedding)",Polish/Czech folk custom and wedding song,shogun,0.0,0.4469362705325469,0.2494586858458434,0.04311388568227518,0.3399082517574652,0.19752188318445035,0.1974775846867035,10
EEU_013,"Myane mily spalyubiv, syarod polya zavaliv: / Grekh nya grekh, a mne khochatsya","Erotic surface: 'My beloved seduced me, knocked me down in a field: sin or not, I want it' (sexual encounter in a field)",Belarusian stydnyya zahadki (стыдныя загадкі),shogun,0.0,0.43290306224997616,0.12265170993683379,0.025533102962832576,0.17022708416374913,0.09455786448973996,0.3102513523131424,10
EEU_014,"Zvyerkhu chorna, / Unutry krasna. / Yak usunesh, dyk prekkrasna","Erotic: black exterior, red inside, wonderful when inserted (sexual imagery via color contrast and insertion action)",Belarusian stydnyya zahadki (стыдныя загадкі),shogun,0.0,0.28270890108414304,0.20126432350781914,0.06780379259477419,0.3156847188849632,0.13178577987352755,0.0814445775763239,10
EEU_015,krasota,Virginity / maidenhood: the ritual 'beauty' object symbolizes the bride's virgin status; its ceremonial 'sale' or 'loss' during wedding rites euphemistically encodes defloration,Russian/Slavic wedding song euphemism,shogun,0.0,0.2605822581721988,0.2106438918662316,0.04520761240114061,0.2953728652895676,0.14076163192237406,0.049938366305967236,10
OCE_001,inma,"Geographic map of waterholes, sacred sites, seasonal food resources, and kinship laws embedded in the narrative sequence of ancestral travel",Songlines / Tjukurpa (Aboriginal Australian),shogun,0.35,0.11398407879976168,0.25341035434391623,0.09288904498676846,0.4178868046457316,0.13228908507730155,-0.13942627554415454,10
OCE_003,lehua,A beloved person; a warrior of valor; a cherished lover — dependent on context of mele,Hawaiian Mele Kaona (hidden meaning in chant),shogun,0.05,0.4415749123625758,0.3759802322351132,0.03945866178726295,0.45297433466100284,0.2845582175877799,0.06559468012746261,10
OCE_004,Aloha ʻOe,Political lament for lost Hawaiian sovereignty and resistance to American annexation; the queen's grief at the loss of the Hawaiian Kingdom (1893 overthrow),Hawaiian Mele Kaona — political resistance,shogun,0.0,0.5110159952753511,0.34759085058478445,0.04325399123918771,0.4059463711975749,0.2601697597126461,0.16342514469056668,9
OCE_005,pua,"Child, offspring, or beloved person — the product/fruit of love or lineage",Hawaiian Mele Kaona,shogun,0.2,0.16081410170825353,0.22249168255733398,0.060457888670839774,0.3281181292928403,0.15526460543158727,-0.061677580849080454,10
OCE_006,sanoe,"A secret lover drifting invisibly to visit his beloved; encodes a specific clandestine romance between Princess Likelike and Colonel Curtis Piehu Iaukea, both of whom were promised to others",Hawaiian Mele Kaona — 'Sanoe',shogun,0.05,0.24803875357856803,0.30119172717196735,0.10123202231835383,0.41937989874062553,0.1213114940237993,-0.05315297359339932,9
OCE_007,"Toitū te whenua, whatungarongaro te tangata",Legal and political assertion of tribal land rights; the land belongs to the collective lineage that outlasts any individual — used to argue against individual alienation of communal land,Māori Whakataukī (proverb),shogun,0.4,0.29554543338663275,0.2702382548017663,0.03175405347334652,0.3074720937373313,0.19826691214978243,0.025307178584866474,10
OCE_008,Kua kaheko te tuna i roto i aku ringa,Something precious or important that has been lost or cannot be obtained despite effort; an opportunity that has slipped away,Māori Whakataukī (proverb),shogun,0.3,0.14441240896085067,0.16365661075369412,0.01441047931411947,0.183166273196411,0.1317920095555789,-0.019244201792843446,10
NET_001,Ramyeon meokgo gallae?,Sexual/romantic invitation to stay the night; functionally equivalent to English 'Netflix and chill',Korean internet culture / K-drama meme,shogun,0.05,0.21090776787700394,0.12527729846948438,0.029625685688044814,0.17915513038410247,0.06959888737870265,0.08563046940751956,10
NET_002,eggplant emoji; peach emoji,Penis (eggplant); buttocks (peach); used in sexual flirtation and anatomical reference on dating apps and social media,Emoji semiotics / digital communication,shogun,0.1,0.6568895912597598,0.47530875070391065,0.05901756799763471,0.5272231491229638,0.3201298919782322,0.1815808405558491,10
NET_004,Cǎonímǎ,肏你妈 (Cào nǐ mā) — Mandarin obscenity 'fuck your mother'; broader meaning: symbolic resistance against Chinese internet censorship,Chinese internet resistance language,shogun,0.1,0.35620660159245915,0.17365533188652574,0.052583759751948345,0.2382075792422289,0.09828715267828585,0.1825512697059334,10
NET_005,Wǔyuè sānshíwǔrì,"June 4th (六四, Liùsì) — the date of the 1989 Tiananmen Square massacre; a heavily censored topic in China",Chinese internet censorship evasion,shogun,0.0,0.3074450511003804,0.33508231529317356,0.013082746976061554,0.3581173351069904,0.3139497232652963,-0.027637264192793165,10
NET_006,three-oh-four,"'HOE' — sexual slang for a promiscuous person, revealed by flipping a calculator/phone display upside down (3→E, 0→O, 4→H)",Calculator spelling / TikTok number slang,shogun,0.05,0.29710970702342737,0.21572056173322485,0.03063245945210416,0.2534091642090673,0.16002646888916075,0.08138914529020252,9
NET_007,Netflix and chill,"Sexual encounter at home, framed as a casual invitation to watch streaming video together",Internet meme / AAVE-origin euphemism,shogun,0.0,0.5134294150954418,0.3769591573835262,0.04893188888673024,0.47815300976489955,0.2980789736664237,0.13647025771191562,10
T_001,botan,猪肉,food_euphemism_ja,torami,0.0,0.22934842621592266,0.21278046129263628,0.040335009610185685,0.27081819369613425,0.14664814714514218,0.016567964923286382,10
T_002,momiji,鹿肉,food_euphemism_ja,torami,0.0,0.21739480479860923,0.22716583362817425,0.04736413533816859,0.3208423416066805,0.15945962776950953,-0.009771028829565015,10
T_003,sakura,馬肉,food_euphemism_ja,torami,0.0,0.1642479402799864,0.14316908546482965,0.04121122772411761,0.20483693548131193,0.06171788633075127,0.021078854815156756,10
T_004,kashiwa,鶏肉,food_euphemism_ja,torami,0.0,0.24076448582661392,0.1474186580777309,0.03321647329385223,0.19746006973568034,0.09831272992482015,0.093345827748883,10
T_005,au,sexual encounter,kakekotoba,torami,0.0,0.1588280819672971,0.25744293847124544,0.05851749215482842,0.346954500563939,0.1614786130613098,-0.09861485650394833,10
T_006,yoru,sexual activity,kakekotoba,torami,0.0,0.23734781579659667,0.3444984650873729,0.08364408950543417,0.4977735969381287,0.24808025114321755,-0.10715064929077625,10
T_007,tsuyu,ephemerality,kakekotoba,torami,0.0,0.20487975277952447,0.1641461904283566,0.021985801123775402,0.21068508698172403,0.12949607256234946,0.040733562351167873,10
T_008,nureru,sexual arousal,kakekotoba,torami,0.0,0.2514725354230203,0.1889641409156888,0.047898138682490106,0.2592531229298349,0.09797189495981412,0.06250839450733148,10
T_009,neru,sexual intercourse,kakekotoba,torami,0.0,0.1523795752575367,0.14070521713255496,0.04930260945614585,0.2238023066713205,0.055035657978415996,0.011674358124981743,10
T_010,midareru,sexual abandon,kakekotoba,torami,0.0,0.1966737179416587,0.214845093823488,0.02976699429391088,0.2743308185036568,0.17628222222156664,-0.018171375881829294,10
T_011,furu,rejection/rain,kakekotoba,torami,0.0,0.21663118701246847,0.16708894929783932,0.03142917488207806,0.22029112410394913,0.11111794064269019,0.04954223771462915,10
T_012,nagame,long rain,kakekotoba,torami,0.0,0.26395107450520133,0.1884488752838422,0.044210294682917886,0.2636845891959614,0.13759653640620512,0.07550219922135915,10
T_013,chiru,loss,kakekotoba,torami,0.0,0.12803252922249708,0.14031460729360212,0.036198005892861373,0.19880092364758764,0.08887481203111931,-0.01228207807110504,10
T_014,tsutsumu,embrace,kakekotoba,torami,0.0,0.39690650799193516,0.38549403141678285,0.07022330151129877,0.5431428089673296,0.2958005613748532,0.01141247657515232,10
T_015,rati,erotic pleasure,slesa,torami,0.0,0.22042654224181096,0.14894062848613512,0.02342291026738952,0.19404910125171596,0.12280553738734214,0.07148591375567584,10
T_016,kama,erotic desire,slesa,torami,0.0,0.3486413803165,0.11452796967922522,0.01366204504662769,0.1355141886501489,0.09595182808459593,0.23411341063727475,10
T_017,madana,intoxicating love,slesa,torami,0.0,0.2627241183803337,0.18015836967849264,0.03723129605484292,0.24425848519059704,0.130897253938239,0.08256574870184108,10
T_018,rasa,erotic sentiment,slesa,torami,0.0,0.2717988198987401,0.17147167284105588,0.062029386192031105,0.3227389800554806,0.10321934743902307,0.10032714705768422,10
T_019,vilasa,erotic play,slesa,torami,0.0,0.21750960378686265,0.1620397904449184,0.04267623429254294,0.23179339741169863,0.085217624882384,0.05546981334194426,10
T_020,shringara,erotic rasa,slesa,torami,0.0,0.5887426562263532,0.25095508188028776,0.07369029730242853,0.36176485595708496,0.1360964518396177,0.3377875743460655,10
T_021,keli,erotic sport,slesa,torami,0.0,0.18181676467642552,0.12731031766395348,0.01725683712780247,0.15763657391712416,0.10470829090424345,0.05450644701247204,10
T_022,milana,sexual union,slesa,torami,0.0,0.21788208088256306,0.20178907610324037,0.029791943730775004,0.24509302009380143,0.1368908572830949,0.016093004779322684,10
T_023,sangama,confluence,slesa,torami,0.1,0.3378859918542701,0.2228244581576968,0.04426532540391495,0.3003767564512142,0.17248988207984128,0.11506153369657329,10
T_024,alingana,embrace,slesa,torami,0.0,0.24508632760098736,0.1406584690918783,0.02479005374949398,0.18215890321196263,0.10424433842539917,0.10442785850910907,10
T_025,sharab,divine ecstasy,iham,torami,0.0,0.2766935130074112,0.1146922592028499,0.023758109962212323,0.17645275633773377,0.09135563411914556,0.1620012538045613,10
T_026,saqi,divine cupbearer,iham,torami,0.0,0.36134120907948786,0.22205128286967687,0.04948841570057363,0.3081919604708173,0.14780172349408058,0.13928992620981098,10
T_027,mast,spiritual ecstasy,iham,torami,0.0,0.1694884840501194,0.08246184801394585,0.02749925359934672,0.1336515044813095,0.03959328226522683,0.08702663603617355,10
T_028,zolf,divine beauty,iham,torami,0.0,0.16522807285697297,0.1442923570262448,0.03349731733290598,0.19365842574553907,0.09284243828028126,0.020935715830728174,10
T_029,khal,divine mark,iham,torami,0.0,0.25975347501444557,0.17481725639613052,0.016408047541588443,0.20047171188559423,0.1389634551489832,0.08493621861831505,10
T_030,gol,beloved's beauty,iham,torami,0.0,0.12930036838538045,0.16317284850879402,0.030384156711176252,0.20646392022497762,0.110844649138203,-0.03387248012341357,10
T_031,bolbol,lover/seeker,iham,torami,0.0,0.1384297050441224,0.1154754899375137,0.029698198786157894,0.18916338818144718,0.0734555202809823,0.02295421510660868,10
T_032,kharabat,spiritual tavern,iham,torami,0.0,0.20477194808138083,0.16345190299677076,0.03160820149831002,0.2136006221021521,0.11413071148120035,0.04132004508461007,10
T_033,rend,spiritual libertine,iham,torami,0.0,0.1589362208329923,0.059584653860506334,0.026268215816402544,0.10737357536318046,0.011981513629533546,0.09935156697248597,10
T_034,saba,messenger of love,iham,torami,0.0,0.22894940238755443,0.15809409419648,0.021136216218748716,0.18873988788287524,0.12437717731670263,0.07085530819107444,10
T_035,jouir,orgasm,adianoeta,torami,0.0,0.5210647220913245,0.20259166164677297,0.026746008304501835,0.24404478852863687,0.16363309955257885,0.3184730604445515,10
T_036,mourir,la petite mort,adianoeta,torami,0.0,0.4342861756160161,0.32528094252041345,0.050789617350702115,0.39755133292781836,0.21672924926819262,0.10900523309560267,10
T_037,baiser,sexual intercourse,adianoeta,torami,0.0,0.3510757093378464,0.18757440195295877,0.04731205903973082,0.24066224819193358,0.0802753348859831,0.1635013073848876,10
T_038,connaitre,carnal knowledge,adianoeta,torami,0.0,0.36077786269525447,0.21394351681327045,0.06768834944117719,0.3665373934742698,0.13807246176169685,0.14683434588198402,10
T_039,coucher,sexual intercourse,adianoeta,torami,0.0,0.242374367688259,0.1519778685915502,0.036329411035329016,0.182976004715055,0.08073781831035809,0.0903964990967088,10
T_040,liaison,sexual affair,adianoeta,torami,0.0,0.43549135095399233,0.23670735315668087,0.05003934882348147,0.3736018917795257,0.18152571332194134,0.19878399779731146,10
T_041,affaire,sexual affair,adianoeta,torami,0.0,0.5264304636815802,0.21498184592391906,0.019972568689225895,0.2459415785742688,0.18185450648338006,0.31144861775766114,10
T_042,amant,sexual lover,adianoeta,torami,0.0,0.5482851457145553,0.3222520532295128,0.08545296373346359,0.5028808587796328,0.1986183090116715,0.22603309248504255,10
T_043,galant,sexual pursuer,adianoeta,torami,0.0,0.20231862393221872,0.17885018810973866,0.031808962521816156,0.23588601261122127,0.1334118999716994,0.023468435822480066,10
T_044,commerce,sexual intercourse,adianoeta,torami,0.0,0.27544583975037173,0.19330075316685447,0.037621606008882154,0.25947815000272056,0.14234253752268577,0.08214508658351727,10
T_045,fu_bat,福 fortune,xieyin,torami,0.0,0.31340297431119474,0.21894059154950646,0.06658041338405875,0.38574183729819395,0.15133321669422456,0.09446238276168828,10
T_046,lu_deer,禄 prosperity,xieyin,torami,0.0,0.31783837706560564,0.21172231658662338,0.07319120919157063,0.3604837324649741,0.06728237568288321,0.10611606047898225,10
T_047,yu_fish,余 surplus,xieyin,torami,0.0,0.3848035221198167,0.2578343900111377,0.06572551671114664,0.36788944965628134,0.15320639796277938,0.126969132108679,10
T_048,ju_mandarin,吉 luck,xieyin,torami,0.0,0.306631895889989,0.24932225350957457,0.05251907640443656,0.34967703626438473,0.18655075789315578,0.057309642380414444,10
T_049,lian_lotus,恋 love,xieyin,torami,0.0,0.2907741183573408,0.28214186083038945,0.057188959806643104,0.3818858438043003,0.18659462240045047,0.008632257526951348,10
T_050,zao_jujube,早 early,xieyin,torami,0.0,0.23557493417587325,0.24857839300132575,0.041004673348198115,0.3400256612645677,0.199117562333634,-0.013003458825452507,10
T_051,li_pear,离 separation,xieyin,torami,0.0,0.2162655179872365,0.20396497675914643,0.03546142865879275,0.25163788265647746,0.1512258011530111,0.012300541228090073,10
T_052,pingguo_apple,平安 peace,xieyin,torami,0.0,0.26355548076220636,0.18364217876153316,0.03517190270383487,0.23983884201970573,0.13419902089090635,0.0799133020006732,10
T_053,huasheng_peanut,生 birth,xieyin,torami,0.0,0.21938357928366087,0.182291699950877,0.06453756486680301,0.35276877267122325,0.10948983155104881,0.03709187933278388,10
T_054,shan_fan,善 virtue,xieyin,torami,0.0,0.3095737154932034,0.18785655537118084,0.03370469921382698,0.27623103883489947,0.15441299469033973,0.12171716012202255,10
T_055,kuromame,勤勉,osechi,torami,0.0,0.14587291930159657,0.1218599081830247,0.02220669193975643,0.15710492020466577,0.0833728262369312,0.024013011118571875,10
T_056,kazunoko,子孫繁栄,osechi,torami,0.0,0.25530392404153984,0.26750622430574234,0.049066784256984075,0.37449940598187753,0.20340929253108866,-0.012202300264202492,10
T_057,ebi,長寿,osechi,torami,0.0,0.14353019296271163,0.16486458426327763,0.03740402614992152,0.23108926861492307,0.10187187935591942,-0.021334391300565997,10
T_058,konbu,喜ぶ,osechi,torami,0.0,0.2123222342272766,0.1933476900086591,0.055415362483144166,0.3301155152230503,0.1383953087884092,0.018974544218617523,10
T_059,tai,めでたい,osechi,torami,0.0,0.2566994652118095,0.22679889232907052,0.015910568143474878,0.25423593824947344,0.20461776331538703,0.02990057288273895,10
T_060,renkon,見通し,osechi,torami,0.0,0.20265990527136127,0.16624340058801926,0.032196433173609706,0.22230666396871457,0.11964506417061647,0.03641650468334201,10
T_061,kurikinton,金運,osechi,torami,0.0,0.19529294203545777,0.16835916584449132,0.06651714983423505,0.33754770009735424,0.07939741167811025,0.026933776190966457,10
T_062,datemaki,学問成就,osechi,torami,0.0,0.19379158019077358,0.15693685942809033,0.02981224912617379,0.2274166194543148,0.12985599056712283,0.03685472076268326,10
T_063,kohaku_kamaboko,祝い,osechi,torami,0.0,0.21924438365072788,0.21985471035962037,0.0473321205038692,0.31175383536241497,0.12090587438141781,-0.0006103267088924946,10
T_064,tatsukuri,豊作,osechi,torami,0.0,0.3297976063480369,0.36369029005875225,0.10922329157168759,0.4958810293765283,0.14667510298749528,-0.033892683710715354,10
T_065,satoimo,子孫繁栄,osechi,torami,0.0,0.20512026305903952,0.21407013348979062,0.03836971941342354,0.2942384109928648,0.1472610888851029,-0.0089498704307511,10
T_066,gobou,安泰,osechi,torami,0.0,0.1281141067058919,0.09857096396154202,0.04532166240868831,0.15829657394145705,0.03703986650889356,0.029543142744349882,10
T_067,nishime,家族円満,osechi,torami,0.1,0.26335798917585995,0.23773809993222836,0.061810603353633684,0.3829018548470713,0.12822655866831897,0.025619889243631594,10
T_068,netflix_and_chill,sexual intercourse,metonymic_sex_en,torami,0.2,0.24108384036744135,0.18345969630406084,0.03092652183629906,0.25061750104995334,0.14347834048113353,0.05762414406338051,10
T_069,come_up_for_coffee,sexual intercourse,metonymic_sex_en,torami,0.0,0.11013213750990337,0.163556596603002,0.02855310902205766,0.21946733356005244,0.12725007985572961,-0.053424459093098633,10
T_070,spend_the_night,sexual intercourse,metonymic_sex_en,torami,0.0,0.20857459579610843,0.20110508298063756,0.02732370373776711,0.2524566342589924,0.15880920086596506,0.007469512815470869,10
T_071,go_back_to_my_place,sexual intercourse,metonymic_sex_en,torami,0.0,0.18390456498194424,0.1797637720734418,0.03003714064525936,0.21984213019608279,0.11633117456869234,0.004140792908502444,10
T_072,see_my_etchings,sexual intercourse,metonymic_sex_en,torami,0.0,0.11977869612303298,0.11002471489560824,0.011702292777259227,0.13390901341497807,0.09422164008049065,0.00975398122742474,10
T_073,sleep_together,sexual intercourse,metonymic_sex_en,torami,0.0,0.3307984571775513,0.282898097542715,0.02614763923428131,0.3223210534924915,0.22262486846510532,0.0479003596348363,10
T_074,hook_up,sexual intercourse,metonymic_sex_en,torami,0.1,0.27504443648642457,0.23038189789282018,0.02988882735561699,0.262254646076526,0.15347272307739226,0.04466253859360439,10
T_075,get_lucky,sexual intercourse,metonymic_sex_en,torami,0.0,0.10847842656086185,0.1436336728775443,0.011682158674622736,0.16665612927977205,0.12980701800566039,-0.03515524631668246,10
T_076,toko_wo_tomo_ni_suru,性行為,metonymic_sex_ja,torami,0.0,0.19374394332523073,0.2502853214755909,0.04991712581913924,0.32306497200561723,0.1620198109652511,-0.05654137815036017,10
T_077,te_wo_dasu,性的接触,metonymic_sex_ja,torami,0.0,0.17158704487992293,0.16843441155745795,0.06513655380873917,0.2729679155374085,0.07915479107702098,0.003152633322464987,10
T_078,issen_wo_koeru,性的関係,metonymic_sex_ja,torami,0.0,0.22216121393191032,0.23568523950005985,0.01872050362685212,0.2663466364994974,0.21027767100575295,-0.013524025568149523,10
T_079,karada_no_kankei,性的関係,metonymic_sex_ja,torami,0.0,0.3630523895196473,0.44194690208024745,0.10149191200447695,0.635958607794546,0.3435624062489819,-0.07889451256060015,10
T_080,fukai_kankei,性的関係,metonymic_sex_ja,torami,0.0,0.31198577942942207,0.4657722490980797,0.10891282939830231,0.6384063874406607,0.32809368157879454,-0.1537864696686576,10
T_081,otona_no_kankei,性的関係,metonymic_sex_ja,torami,0.0,0.27774459833251963,0.4898115184195467,0.08970141170764354,0.6391981372978598,0.3604212899101325,-0.21206692008702704,10
T_082,saigo_made,性行為完遂,metonymic_sex_ja,torami,0.0,0.2499419930921148,0.3306451248442494,0.03421465958564111,0.3962877995204124,0.2848128550706883,-0.08070313175213462,10
T_083,otomari,性行為,metonymic_sex_ja,torami,0.0,0.10725961635417683,0.2120651141171795,0.02898388766177548,0.2484496118169711,0.14651045594164272,-0.10480549776300266,10
T_084,grab_a_drink,drinking session,metonymic_drink_en,torami,0.0,0.45385210746534405,0.4800388045301391,0.04197539131375357,0.5430136122455057,0.4001843151006531,-0.02618669706479504,10
T_085,hit_the_bar,drinking session,metonymic_drink_en,torami,0.0,0.3357965978639014,0.2776033299181658,0.03668036448925481,0.3429756295037493,0.21029956900630145,0.05819326794573565,10
T_086,crack_open_cold_one,drinking session,metonymic_drink_en,torami,0.3,0.4032617790268629,0.3821790136683001,0.04099025910387992,0.42558006890678163,0.2865862114889034,0.021082765358562794,10
T_087,happy_hour,drinking session,metonymic_drink_en,torami,0.3,0.3366541158329385,0.3379888270937133,0.06809219153115395,0.4455522584297809,0.2252346131750638,-0.001334711260774779,10
T_088,liquid_lunch,drinking session,metonymic_drink_en,torami,0.2,0.4037603003072477,0.4612350633819541,0.05361290379008702,0.5368632762104407,0.3734506161696873,-0.05747476307470639,10
T_089,nightcap,final drink,metonymic_drink_en,torami,0.3,0.5944430421285783,0.2559182866962344,0.046959800036898605,0.3355943159301959,0.18595016497318956,0.33852475543234395,10
T_090,ippai_yaru,飲酒,metonymic_drink_ja,torami,0.0,0.21541586799574594,0.2779883348794982,0.028142281077509986,0.32405410364080567,0.22392632220661984,-0.06257246688375226,10
T_091,nomi_ni_iku,飲酒,metonymic_drink_ja,torami,0.0,0.21933201772235397,0.545405212342592,0.06907878725568357,0.6657069038540528,0.40101961468024966,-0.326073194620238,10
T_092,chotto_tsukiatte,飲酒誘い,metonymic_drink_ja,torami,0.0,0.26476988264536055,0.28990527264298377,0.03642611308574185,0.34610018321964414,0.22201315905656635,-0.025135389997623214,10
T_093,nikenme_ikou,飲み続行,metonymic_drink_ja,torami,0.3,0.2879790404680632,0.31756479904689877,0.04182764642367829,0.37788041791568744,0.25325291561763585,-0.029585758578835553,10
T_094,mou_ippai_dake,飲酒継続,metonymic_drink_ja,torami,0.0,0.23389922276645678,0.3217766355405062,0.048107457193279766,0.38285599393673997,0.2642673754464105,-0.0878774127740494,10
T_095,kanpai_shiyou,飲み会開始,metonymic_drink_ja,torami,0.3,0.35492706174796435,0.5337670954900181,0.028559911329080694,0.5578287044680071,0.46403523853028067,-0.17884003374205376,10
T_096,bow_deeply,respect,metonymic_ritual,torami,0.0,0.22470530033497838,0.20732935865578833,0.033772182708168584,0.27376588429311377,0.15828260282062043,0.017375941679190043,10
T_097,shake_hands,agreement,metonymic_ritual,torami,0.2,0.29342290877908495,0.2910017822813834,0.05778480610116591,0.4196616018776918,0.20349905719696013,0.0024211264977015423,10
T_098,raise_a_glass,celebration,metonymic_ritual,torami,0.2,0.5658217212638649,0.6175594301486477,0.10908909276916562,0.7573945604509584,0.4553548662929431,-0.051737708884782796,10
T_099,tip_your_hat,courtesy,metonymic_ritual,torami,0.2,0.326319260374366,0.39460277887037654,0.06903892099631714,0.5027114717531311,0.26764628073154867,-0.06828351849601055,10
T_100,kneel_before,submission,metonymic_ritual,torami,0.0,0.43143722442346566,0.49314673269625137,0.0687802227641297,0.6747223685836798,0.42935285715004723,-0.06170950827278571,10
T_101,stand_in_silence,mourning,metonymic_ritual,torami,0.2,0.33268877254269363,0.31084015006614873,0.04549087683929035,0.4324440696886875,0.2540224523943672,0.0218486224765449,10
T_102,clasp_hands_prayer,devotion,metonymic_ritual,torami,0.2,0.5196374166451794,0.31573700410539507,0.06307605477786742,0.41410548118584206,0.22168778579472465,0.2039004125397843,10
T_103,salute,loyalty,metonymic_ritual,torami,0.0,0.44842311777217375,0.3226720689198104,0.10187761042732144,0.5291051960645621,0.22412728182180014,0.12575104885236338,10
